City_ID,City,Country,Date,Lat,Lng,Max Temp,Humidity,Cloudiness,Wind Speed,Current Description,Rain inches (last 3hrs),Snow inches (last 3hrs)
0,Butaritari,KI,2020-03-20 23:10:37,3.07,172.79,83.25,79,47,16.78,['scattered clouds'],0.0,0.0
1,Khatanga,RU,2020-03-20 23:10:38,71.97,102.5,-15.57,92,100,15.79,['overcast clouds'],0.0,0.0
2,Airai,TL,2020-03-20 23:10:38,-8.93,125.41,70.11,92,100,2.19,['light rain'],0.31,0.0
3,Atuona,PF,2020-03-20 23:10:38,-9.8,-139.03,81.99,80,69,15.46,['light rain'],0.19,0.0
4,Korla,CN,2020-03-20 23:10:38,41.76,86.15,34.83,39,17,4.5,['few clouds'],0.0,0.0
5,Castro,BR,2020-03-20 23:07:48,-24.79,-50.01,63.63,96,0,8.41,['clear sky'],0.0,0.0
6,Kapaa,US,2020-03-20 23:10:38,22.08,-159.32,82.4,78,20,11.41,['few clouds'],0.0,0.0
7,Chuy,UY,2020-03-20 23:10:39,-33.7,-53.46,64.35,81,11,4.65,['few clouds'],0.0,0.0
8,Thompson,CA,2020-03-20 23:10:23,55.74,-97.86,24.8,29,20,11.41,['few clouds'],0.0,0.0
9,Saskylakh,RU,2020-03-20 23:10:39,71.92,114.08,-7.29,90,97,14.81,['overcast clouds'],0.0,0.0
10,Itaituba,BR,2020-03-20 23:10:39,-4.28,-55.98,73.35,91,100,1.9,['overcast clouds'],0.0,0.0
11,Ballina,AU,2020-03-20 23:07:38,-28.87,153.57,81.0,69,0,9.35,['clear sky'],0.0,0.0
12,Rikitea,PF,2020-03-20 23:10:40,-23.12,-134.97,79.47,82,74,14.92,['light rain'],0.81,0.0
13,Harper,LR,2020-03-20 23:10:40,4.38,-7.72,78.03,89,93,3.15,['overcast clouds'],0.0,0.0
14,Ponta Delgada,PT,2020-03-20 23:10:40,37.73,-25.67,53.6,71,75,4.7,['broken clouds'],0.0,0.0
15,Acarau,BR,2020-03-20 23:10:40,-2.89,-40.12,75.87,88,100,1.36,['overcast clouds'],0.0,0.0
16,Cape Town,ZA,2020-03-20 23:08:51,-33.93,18.42,64.99,88,20,4.7,['few clouds'],0.0,0.0
17,Bestwig,DE,2020-03-20 23:10:41,51.37,8.4,42.01,80,100,4.7,['light snow'],0.0,0.31
18,Pila,PL,2020-03-20 23:10:41,53.15,16.74,37.89,79,100,12.06,['overcast clouds'],0.0,0.0
19,Atar,MR,2020-03-20 23:10:41,20.52,-13.05,65.07,26,0,8.66,['clear sky'],0.0,0.0
20,Port Macquarie,AU,2020-03-20 23:10:41,-31.43,152.92,78.01,78,6,5.82,['clear sky'],0.0,0.0
21,General Pico,AR,2020-03-20 23:10:41,-35.66,-63.76,70.11,39,0,9.82,['clear sky'],0.0,0.0
22,Ushuaia,AR,2020-03-20 23:10:41,-54.8,-68.3,42.8,86,40,23.04,['shower rain'],0.0,0.0
23,Busselton,AU,2020-03-20 23:10:41,-33.65,115.33,66.0,56,11,17.54,['few clouds'],0.0,0.0
24,Nome,US,2020-03-20 23:10:41,64.5,-165.41,32.0,90,90,17.22,['overcast clouds'],0.0,0.0
25,Shebunino,RU,2020-03-20 23:10:42,46.43,141.86,27.45,92,100,23.78,['snow'],0.0,2.0
26,Letterkenny,IE,2020-03-20 23:10:42,54.95,-7.73,34.29,86,17,8.46,['few clouds'],0.0,0.0
27,Punta Arenas,CL,2020-03-20 23:10:19,-53.15,-70.92,46.4,45,75,14.99,['broken clouds'],0.0,0.0
28,Barrow,US,2020-03-20 23:10:42,71.29,-156.79,15.8,78,90,31.09,['snow'],0.0,0.0
29,Sorland,NO,2020-03-20 23:10:42,67.67,12.69,33.03,65,100,8.52,['overcast clouds'],0.0,0.0
30,Port Alfred,ZA,2020-03-20 23:10:42,-33.59,26.89,66.0,84,85,5.01,['overcast clouds'],0.0,0.0
31,Belaya Gora,RU,2020-03-20 23:10:42,68.53,146.42,2.25,83,0,6.55,['clear sky'],0.0,0.0
32,Saint-Philippe,RE,2020-03-20 23:10:43,-21.36,55.77,71.6,64,70,8.05,['broken clouds'],0.0,0.0
33,Jamestown,US,2020-03-20 23:06:34,42.1,-79.24,45.0,86,90,16.11,['overcast clouds'],0.0,0.0
34,Puerto Ayora,EC,2020-03-20 23:10:43,-0.74,-90.35,82.4,74,20,10.29,['few clouds'],0.0,0.0
35,Vaini,TO,2020-03-20 23:10:43,-21.2,-175.2,73.4,100,90,9.17,['light rain'],0.0,0.0
36,Bluff,NZ,2020-03-20 23:10:43,-46.6,168.33,51.01,90,100,7.0,['light rain'],1.06,0.0
37,Cherskiy,RU,2020-03-20 23:10:43,68.75,161.3,-8.01,79,7,13.11,['clear sky'],0.0,0.0
38,Kulhudhuffushi,MV,2020-03-20 23:10:43,6.62,73.07,83.43,70,100,6.78,['overcast clouds'],0.0,0.0
39,Meulaboh,ID,2020-03-20 23:10:43,4.14,96.13,81.45,76,62,5.7,['light rain'],0.25,0.0
40,Hays,US,2020-03-20 23:10:44,30.05,-98.03,55.99,81,90,18.34,['overcast clouds'],0.0,0.0
41,Kargasok,RU,2020-03-20 23:10:44,59.06,80.86,31.77,92,99,13.27,['light snow'],0.0,0.25
42,China,MX,2020-03-20 23:10:44,25.7,-99.23,73.35,72,88,23.89,['overcast clouds'],0.0,0.0
43,Upernavik,GL,2020-03-20 23:08:35,72.79,-56.15,-8.73,91,99,3.13,['overcast clouds'],0.0,0.0
44,Malacacheta,BR,2020-03-20 23:10:44,-17.84,-42.08,72.81,89,100,4.07,['light rain'],0.31,0.0
45,Qaanaaq,GL,2020-03-20 23:10:44,77.48,-69.36,-8.91,49,0,6.53,['clear sky'],0.0,0.0
46,Rio Claro,BR,2020-03-20 23:07:12,-22.41,-47.56,69.93,91,30,3.02,['light rain'],2.88,0.0
47,Monte Alegre,BR,2020-03-20 23:10:46,-2.01,-54.07,73.53,93,100,5.08,['overcast clouds'],0.0,0.0
48,Georgetown,MY,2020-03-20 23:10:01,5.41,100.34,78.8,83,20,2.24,['few clouds'],0.0,0.0
49,Leh,IN,2020-03-20 23:10:46,34.17,77.58,5.49,66,89,4.16,['overcast clouds'],0.0,0.0
50,Marfino,RU,2020-03-20 23:10:46,55.7,37.38,36.0,86,75,6.71,['broken clouds'],0.0,0.0
51,Grand Gaube,MU,2020-03-20 23:10:46,-20.01,57.66,73.0,88,20,3.36,['few clouds'],0.0,0.0
52,Margate,GB,2020-03-20 23:08:22,51.38,1.39,45.0,75,75,14.99,['broken clouds'],0.0,0.0
53,Wanlaweyn,SO,2020-03-20 23:10:46,2.62,44.89,77.85,86,15,4.09,['few clouds'],0.0,0.0
54,Nanortalik,GL,2020-03-20 23:10:47,60.14,-45.24,22.23,90,100,19.71,['light snow'],0.0,0.56
55,Sisimiut,GL,2020-03-20 23:10:47,66.94,-53.67,4.23,97,100,4.05,['light snow'],0.0,0.62
56,Buala,SB,2020-03-20 23:10:47,-8.14,159.59,84.69,73,42,6.53,['light rain'],1.38,0.0
57,Ponazyrevo,RU,2020-03-20 23:10:47,58.36,46.31,24.03,86,99,10.69,['light snow'],0.0,0.19
58,Bredasdorp,ZA,2020-03-20 23:10:47,-34.53,20.04,62.6,82,83,3.36,['broken clouds'],0.0,0.0
59,Razole,IN,2020-03-20 23:10:47,16.48,81.83,73.17,88,35,1.28,['scattered clouds'],0.0,0.0
60,Peleduy,RU,2020-03-20 23:10:47,59.63,112.74,17.19,93,98,7.83,['overcast clouds'],0.0,0.0
61,Byron Bay,AU,2020-03-20 23:10:28,-28.65,153.62,81.0,65,1,5.82,['clear sky'],0.0,0.0
62,Luderitz,NA,2020-03-20 23:10:48,-26.65,15.16,73.4,53,0,19.46,['clear sky'],0.0,0.0
63,Mataura,NZ,2020-03-20 23:10:48,-46.19,168.86,51.01,90,100,7.0,['light rain'],0.69,0.0
64,Asau,RO,2020-03-20 23:10:48,46.43,26.4,46.99,75,27,2.24,['scattered clouds'],0.0,0.0
65,Enid,US,2020-03-20 23:10:10,36.4,-97.88,46.4,45,5,12.75,['clear sky'],0.0,0.0
66,Nicoya,CR,2020-03-20 23:10:48,10.15,-85.45,93.2,32,20,19.46,['few clouds'],0.0,0.0
67,Yellowknife,CA,2020-03-20 23:06:13,62.46,-114.35,24.01,67,75,17.22,['broken clouds'],0.0,0.0
68,Morant Bay,JM,2020-03-20 23:10:48,17.88,-76.41,82.4,69,20,19.46,['few clouds'],0.0,0.0
69,Dafeng,CN,2020-03-20 23:10:49,23.45,108.59,67.95,96,100,4.81,['overcast clouds'],0.0,0.0
70,Elizabeth City,US,2020-03-20 23:10:25,36.29,-76.25,87.8,42,1,11.41,['clear sky'],0.0,0.0
71,Saint George,US,2020-03-20 23:10:49,37.1,-113.58,52.0,50,20,3.36,['few clouds'],0.0,0.0
72,Xai-Xai,MZ,2020-03-20 23:10:49,-25.05,33.64,66.87,83,0,5.46,['clear sky'],0.0,0.0
73,Katsuura,JP,2020-03-20 23:10:49,35.13,140.3,55.99,37,0,1.12,['clear sky'],0.0,0.0
74,Berlevag,NO,2020-03-20 23:10:49,70.86,29.09,24.8,53,40,23.04,['scattered clouds'],0.0,0.0
75,Sitka,US,2020-03-20 23:10:49,57.05,-135.33,42.8,75,90,4.7,['overcast clouds'],0.0,0.0
76,Carnarvon,AU,2020-03-20 23:10:50,-24.87,113.63,75.2,83,100,13.87,['overcast clouds'],0.0,0.0
77,Tautira,PF,2020-03-20 23:10:50,-17.73,-149.15,87.8,70,75,8.05,['broken clouds'],0.0,0.0
78,Luganville,VU,2020-03-20 23:10:50,-15.53,167.17,84.2,79,75,3.36,['broken clouds'],0.0,0.0
79,Olbia,IT,2020-03-20 23:10:50,40.92,9.49,47.25,95,0,4.41,['clear sky'],0.0,0.0
80,Hamilton,US,2020-03-20 23:08:25,39.18,-84.53,52.0,71,90,21.92,['overcast clouds'],0.0,0.0
81,Eagle,US,2020-03-20 23:10:50,43.7,-116.35,64.4,41,1,5.82,['clear sky'],0.0,0.0
82,Cidreira,BR,2020-03-20 23:06:23,-30.18,-50.21,73.17,76,3,10.85,['light rain'],0.38,0.0
83,Mayo,US,2020-03-20 23:10:20,38.89,-76.51,81.0,44,1,9.17,['clear sky'],0.0,0.0
84,Kodinsk,RU,2020-03-20 23:10:51,58.69,99.18,26.01,97,100,5.61,['light snow'],0.0,0.38
85,Hilo,US,2020-03-20 23:09:12,19.73,-155.09,78.8,69,90,13.87,['overcast clouds'],0.0,0.0
86,Komsomolskiy,UZ,2020-03-20 23:10:51,40.43,71.72,59.0,47,100,4.7,['overcast clouds'],0.0,0.0
87,San Juan,AR,2020-03-20 23:10:51,-31.54,-68.54,81.45,30,0,18.32,['clear sky'],0.0,0.0
88,Port Elizabeth,ZA,2020-03-20 23:10:51,-33.92,25.57,64.4,77,60,6.93,['broken clouds'],0.0,0.0
89,Auki,SB,2020-03-20 23:10:51,-8.77,160.7,83.61,73,38,2.57,['light rain'],0.44,0.0
90,Libreville,GA,2020-03-20 23:08:32,0.39,9.45,77.0,88,20,4.7,['few clouds'],0.0,0.0
91,Arraial Do Cabo,BR,2020-03-20 23:10:52,-22.97,-42.03,80.01,82,73,9.08,['light rain'],2.06,0.0
92,Ponta Do Sol,PT,2020-03-20 23:10:52,32.67,-17.1,59.0,58,40,11.41,['scattered clouds'],0.0,0.0
93,Voh,NC,2020-03-20 23:10:52,-20.97,164.7,79.11,72,25,11.43,['scattered clouds'],0.0,0.0
94,Teguldet,RU,2020-03-20 23:10:52,57.31,88.17,28.71,94,100,14.14,['light snow'],0.0,0.69
95,Hasaki,JP,2020-03-20 23:10:52,35.73,140.83,48.2,57,40,1.12,['scattered clouds'],0.0,0.0
96,Pinotepa Nacional,MX,2020-03-20 23:10:52,16.32,-98.02,85.23,39,0,7.78,['clear sky'],0.0,0.0
97,Dagana,MR,2020-03-20 23:10:53,16.52,-15.51,84.2,26,0,2.24,['clear sky'],0.0,0.0
98,Bengkulu,ID,2020-03-20 23:10:53,-3.8,102.27,74.61,86,100,2.13,['overcast clouds'],0.0,0.0
99,Tuktoyaktuk,CA,2020-03-20 23:10:53,69.45,-133.04,28.4,100,90,9.17,['light snow'],0.0,0.0
100,Hofn,IS,2020-03-20 23:10:53,64.25,-15.21,44.55,73,100,36.48,['light rain'],0.25,0.0
101,Nouakchott,MR,2020-03-20 23:10:53,18.09,-15.98,71.6,64,0,11.41,['clear sky'],0.0,0.0
102,Waitara,NZ,2020-03-20 23:10:53,-38.92,174.25,64.99,65,100,3.0,['overcast clouds'],0.0,0.0
103,Poso,ID,2020-03-20 23:09:49,-1.4,120.75,71.55,84,96,1.14,['light rain'],0.25,0.0
104,Alto Lucero,MX,2020-03-20 23:10:54,19.62,-96.72,79.11,75,0,4.94,['clear sky'],0.0,0.0
105,Saldanha,ZA,2020-03-20 23:10:54,-33.01,17.94,62.6,82,0,3.36,['clear sky'],0.0,0.0
106,Iralaya,HN,2020-03-20 23:10:54,15.0,-83.23,80.19,77,5,15.3,['light rain'],2.0,0.0
107,Lorengau,PG,2020-03-20 23:10:54,-2.02,147.27,83.97,67,100,3.29,['overcast clouds'],0.0,0.0
108,Acapulco,MX,2020-03-20 23:07:00,16.86,-99.89,86.0,70,40,6.93,['scattered clouds'],0.0,0.0
109,Kismayo,SO,2020-03-20 23:10:54,-0.36,42.55,82.35,77,28,14.36,['scattered clouds'],0.0,0.0
110,Hobyo,SO,2020-03-20 23:10:54,5.35,48.53,81.27,80,24,7.61,['few clouds'],0.0,0.0
111,Three Hills,CA,2020-03-20 23:10:02,51.7,-113.27,26.01,62,5,4.7,['clear sky'],0.0,0.0
112,Kodiak,US,2020-03-20 23:10:55,57.79,-152.41,39.2,64,1,8.05,['clear sky'],0.0,0.0
113,Dingle,PH,2020-03-20 23:10:55,11.0,122.67,79.11,77,81,10.13,['broken clouds'],0.0,0.0
114,New Norfolk,AU,2020-03-20 23:10:55,-42.78,147.06,55.99,82,75,9.17,['shower rain'],0.0,0.0
115,Wadi Maliz,TN,2020-03-20 23:10:55,36.47,8.55,59.0,67,86,9.17,['overcast clouds'],0.0,0.0
116,Hermanus,ZA,2020-03-20 23:10:56,-34.42,19.23,59.0,94,0,1.01,['clear sky'],0.0,0.0
117,Nishihara,JP,2020-03-20 23:10:56,26.18,127.76,66.2,77,47,3.36,['scattered clouds'],0.0,0.0
118,Iqaluit,CA,2020-03-20 23:10:56,63.75,-68.51,1.4,77,90,5.44,['light snow'],0.0,0.0
119,Sobolevo,RU,2020-03-20 23:10:56,54.43,31.9,33.03,87,16,4.85,['few clouds'],0.0,0.0
120,Dong Hoi,VN,2020-03-20 23:10:56,17.48,106.6,73.53,91,100,0.54,['overcast clouds'],0.0,0.0
121,Chifeng,CN,2020-03-20 23:10:56,42.27,118.96,34.65,66,97,6.67,['light snow'],0.0,0.56
122,Changji,CN,2020-03-20 23:10:56,44.02,87.32,41.0,80,100,4.47,['overcast clouds'],0.0,0.0
123,Comodoro Rivadavia,AR,2020-03-20 23:10:57,-45.87,-67.5,77.0,36,81,16.11,['broken clouds'],0.0,0.0
124,East London,ZA,2020-03-20 23:07:17,-33.02,27.91,71.91,67,64,13.89,['broken clouds'],0.0,0.0
125,Riohacha,CO,2020-03-20 23:10:57,11.54,-72.91,82.4,74,20,17.22,['few clouds'],0.0,0.0
126,Tsuruoka,JP,2020-03-20 23:10:57,38.72,139.82,50.0,66,40,2.24,['scattered clouds'],0.0,0.0
127,Nusaybin,TR,2020-03-20 23:10:57,37.08,41.22,42.93,78,89,7.29,['overcast clouds'],0.0,0.0
128,Arlit,NE,2020-03-20 23:10:57,18.74,7.39,82.35,12,27,12.33,['scattered clouds'],0.0,0.0
129,Gouyave,GD,2020-03-20 23:10:57,12.16,-61.73,80.6,69,20,6.93,['few clouds'],0.0,0.0
130,Alyangula,AU,2020-03-20 23:10:57,-13.85,136.42,75.2,100,54,3.36,['broken clouds'],0.0,0.0
131,Hobart,AU,2020-03-20 23:06:19,-42.88,147.33,55.99,82,75,9.17,['shower rain'],0.0,0.0
132,Ambovombe,MG,2020-03-20 23:10:58,-25.17,46.08,67.95,89,49,3.89,['scattered clouds'],0.0,0.0
133,Tasiilaq,GL,2020-03-20 23:10:58,65.61,-37.64,24.8,79,100,17.22,['light snow'],0.0,0.19
134,Sungairaya,ID,2020-03-20 23:10:58,0.7,108.9,74.07,94,100,2.35,['overcast clouds'],0.0,0.0
135,Albany,US,2020-03-20 23:09:00,42.6,-73.97,66.99,59,75,11.41,['broken clouds'],0.0,0.0
136,Kokomo,US,2020-03-20 23:10:41,40.49,-86.13,42.01,86,90,14.99,['mist'],0.0,0.0
137,Bosaso,SO,2020-03-20 23:10:58,11.28,49.18,81.99,77,0,17.94,['clear sky'],0.0,0.0
138,Minab,IR,2020-03-20 23:10:58,27.15,57.08,71.6,83,20,2.24,['few clouds'],0.0,0.0
139,Faya,SA,2020-03-20 23:10:59,18.39,42.45,60.8,93,40,5.82,['scattered clouds'],0.0,0.0
140,Fecamp,FR,2020-03-20 23:10:59,49.76,0.37,44.01,87,90,14.99,['overcast clouds'],0.0,0.0
141,Nikolskoye,RU,2020-03-20 23:10:59,59.7,30.79,28.99,58,75,6.71,['broken clouds'],0.0,0.0
142,Ancud,CL,2020-03-20 23:10:59,-41.87,-73.82,60.8,82,90,3.36,['overcast clouds'],0.0,0.0
143,Lagoa,PT,2020-03-20 23:10:59,39.05,-27.98,60.75,77,94,19.37,['overcast clouds'],0.0,0.0
144,Imbituva,BR,2020-03-20 23:10:59,-25.23,-50.6,65.25,84,3,2.57,['clear sky'],0.0,0.0
145,Vanimo,PG,2020-03-20 23:10:59,-2.67,141.3,82.53,73,100,6.67,['moderate rain'],5.5,0.0
146,Saint-Francois,FR,2020-03-20 23:11:00,46.42,3.91,52.0,75,24,3.47,['few clouds'],0.0,0.0
147,Bambous Virieux,MU,2020-03-20 23:11:00,-20.34,57.76,73.0,88,20,3.36,['few clouds'],0.0,0.0
148,Fort Morgan,US,2020-03-20 23:11:00,40.25,-103.8,28.4,68,90,10.29,['overcast clouds'],0.0,0.0
149,Bikin,RU,2020-03-20 23:11:00,46.82,134.26,29.61,78,86,1.86,['overcast clouds'],0.0,0.0
150,Kahului,US,2020-03-20 23:11:00,20.89,-156.47,84.2,54,20,4.7,['few clouds'],0.0,0.0
151,Bara,NG,2020-03-20 23:11:00,10.37,10.73,80.19,13,98,5.73,['overcast clouds'],0.0,0.0
152,Mikhaylovka,RU,2020-03-20 23:11:00,50.06,43.24,35.73,80,0,8.61,['clear sky'],0.0,0.0
153,Chilca,PE,2020-03-20 23:11:00,-12.52,-76.74,77.0,73,75,9.17,['broken clouds'],0.0,0.0
154,Avarua,CK,2020-03-20 23:11:01,-21.21,-159.78,80.6,78,100,6.93,['moderate rain'],6.56,0.0
155,Kruisfontein,ZA,2020-03-20 23:11:01,-34.0,24.73,58.59,90,7,3.29,['clear sky'],0.0,0.0
156,Rio Grande,BR,2020-03-20 23:09:31,-32.03,-52.1,71.6,78,20,4.7,['few clouds'],0.0,0.0
157,Bilibino,RU,2020-03-20 23:11:01,68.05,166.44,-11.61,76,2,1.32,['clear sky'],0.0,0.0
158,Cockburn Town,TC,2020-03-20 23:11:01,21.46,-71.14,77.0,69,75,14.99,['broken clouds'],0.0,0.0
159,Tamandare,BR,2020-03-20 23:11:01,-8.76,-35.1,82.71,74,99,17.05,['overcast clouds'],0.0,0.0
160,Ribeira Grande,PT,2020-03-20 23:11:01,38.52,-28.7,56.97,81,80,11.68,['broken clouds'],0.0,0.0
161,Cayenne,GF,2020-03-20 23:11:01,4.93,-52.33,78.8,83,40,6.93,['scattered clouds'],0.0,0.0
162,Yarada,IN,2020-03-20 23:11:02,17.65,83.27,77.0,73,40,2.24,['mist'],0.0,0.0
163,Palghar,IN,2020-03-20 23:11:02,19.68,72.75,77.0,78,0,3.36,['haze'],0.0,0.0
164,Ahipara,NZ,2020-03-20 23:11:02,-35.17,173.17,66.87,69,100,6.31,['overcast clouds'],0.0,0.0
165,Rudbar,AF,2020-03-20 23:11:02,30.15,62.6,69.93,32,7,5.28,['clear sky'],0.0,0.0
166,Broome,US,2020-03-20 23:11:02,42.25,-75.83,64.0,62,75,17.22,['broken clouds'],0.0,0.0
167,Hithadhoo,MV,2020-03-20 23:11:02,-0.6,73.08,83.97,66,100,2.89,['overcast clouds'],0.0,0.0
168,Aklavik,CA,2020-03-20 23:11:02,68.22,-135.01,37.4,59,75,11.41,['broken clouds'],0.0,0.0
169,Marzuq,YE,2020-03-20 23:11:03,14.4,46.47,65.43,68,6,3.04,['clear sky'],0.0,0.0
170,Muroto,JP,2020-03-20 23:11:03,33.28,134.15,44.6,70,0,11.41,['clear sky'],0.0,0.0
171,Shingu,JP,2020-03-20 23:11:03,33.73,135.98,48.2,66,0,4.7,['clear sky'],0.0,0.0
172,Vila Franca Do Campo,PT,2020-03-20 23:11:03,37.72,-25.43,53.6,71,75,4.7,['broken clouds'],0.0,0.0
173,Buraydah,SA,2020-03-20 23:11:03,26.33,43.98,60.8,38,3,4.7,['clear sky'],0.0,0.0
174,Dongzhen,CN,2020-03-20 23:11:03,22.38,110.94,71.01,91,100,3.09,['overcast clouds'],0.0,0.0
175,Havre-Saint-Pierre,CA,2020-03-20 23:11:04,50.23,-63.6,32.0,99,90,8.05,['mist'],0.0,0.0
176,Ilulissat,GL,2020-03-20 23:11:04,69.22,-51.1,9.63,97,100,3.4,['light snow'],0.0,0.5
177,Abay,KZ,2020-03-20 23:11:04,49.63,72.85,30.2,68,22,15.66,['few clouds'],0.0,0.0
178,Husavik,IS,2020-03-20 23:11:04,66.04,-17.34,41.0,65,75,57.49,['broken clouds'],0.0,0.0
179,Mao,ES,2020-03-20 23:11:04,39.89,4.27,55.4,87,77,11.41,['broken clouds'],0.0,0.0
180,Flinders,AU,2020-03-20 23:11:04,-34.58,150.86,73.0,88,90,8.05,['overcast clouds'],0.0,0.0
181,Baruun-Urt,MN,2020-03-20 23:11:04,46.68,113.28,21.69,56,94,3.04,['overcast clouds'],0.0,0.0
182,Bethel,US,2020-03-20 23:11:04,41.37,-73.41,73.0,82,1,8.05,['clear sky'],0.0,0.0
183,Ierapetra,GR,2020-03-20 23:11:05,35.01,25.74,57.99,58,40,16.11,['scattered clouds'],0.0,0.0
184,Qaqortoq,GL,2020-03-20 23:11:05,60.72,-46.03,15.8,47,20,5.82,['few clouds'],0.0,0.0
185,Chokurdakh,RU,2020-03-20 23:11:05,70.63,147.92,-4.59,94,98,6.35,['overcast clouds'],0.0,0.0
186,Arcata,US,2020-03-20 23:11:05,40.87,-124.08,60.01,67,1,8.05,['clear sky'],0.0,0.0
187,Januaria,BR,2020-03-20 23:11:05,-15.48,-44.37,71.91,95,98,4.47,['light rain'],2.75,0.0
188,Quepos,CR,2020-03-20 23:11:05,9.42,-84.17,82.4,50,20,17.22,['few clouds'],0.0,0.0
189,Touros,BR,2020-03-20 23:11:06,-5.2,-35.46,82.4,74,20,8.05,['few clouds'],0.0,0.0
190,Aguimes,ES,2020-03-20 23:11:06,27.91,-15.45,63.0,82,75,20.8,['broken clouds'],0.0,0.0
191,Dryden,CA,2020-03-20 23:11:06,49.78,-92.75,23.0,19,1,5.82,['clear sky'],0.0,0.0
192,Mashivka,UA,2020-03-20 23:11:06,49.44,34.87,40.59,60,63,1.23,['broken clouds'],0.0,0.0
193,Amapa,BR,2020-03-20 23:11:06,1.0,-52.0,71.91,87,100,1.19,['overcast clouds'],0.0,0.0
194,Seddon,AU,2020-03-20 23:11:06,-37.81,144.89,63.0,71,75,9.17,['broken clouds'],0.0,0.0
195,The Valley,AI,2020-03-20 23:08:43,18.22,-63.06,78.8,65,40,12.75,['light intensity shower rain'],0.0,0.0
196,Pau Brasil,BR,2020-03-20 23:11:07,-15.46,-39.65,73.53,99,49,2.04,['light rain'],0.25,0.0
197,Big Bend,SZ,2020-03-20 23:11:07,-26.82,31.93,75.2,78,13,1.12,['few clouds'],0.0,0.0
198,Provideniya,RU,2020-03-20 23:11:07,64.38,-173.3,23.13,91,100,14.16,['light snow'],0.0,0.25
199,Dehloran,IR,2020-03-20 23:11:07,32.69,47.27,65.43,32,100,12.19,['overcast clouds'],0.0,0.0
200,Koltubanovskiy,RU,2020-03-20 23:11:07,52.94,52.03,29.07,95,15,5.5,['few clouds'],0.0,0.0
201,Fairbanks,US,2020-03-20 23:11:07,64.84,-147.72,37.99,64,75,20.8,['broken clouds'],0.0,0.0
202,Kyzyl-Suu,KG,2020-03-20 23:11:08,42.34,78.0,39.15,47,0,3.91,['clear sky'],0.0,0.0
203,Waingapu,ID,2020-03-20 23:11:08,-9.66,120.26,83.97,72,23,2.84,['few clouds'],0.0,0.0
204,Esteli,NI,2020-03-20 23:11:08,13.09,-86.35,73.4,69,40,12.06,['scattered clouds'],0.0,0.0
205,Bafq,IR,2020-03-20 23:11:08,31.61,55.41,60.21,16,24,7.54,['few clouds'],0.0,0.0
206,Yabelo,ET,2020-03-20 23:11:08,4.88,38.08,66.15,83,68,6.11,['light rain'],0.37,0.0
207,Zhigansk,RU,2020-03-20 23:11:08,66.77,123.37,-7.65,94,94,5.88,['overcast clouds'],0.0,0.0
208,Mar Del Plata,AR,2020-03-20 23:11:08,-38.0,-57.56,64.4,72,28,5.82,['scattered clouds'],0.0,0.0
209,Puerto Del Rosario,ES,2020-03-20 23:11:08,28.5,-13.86,64.4,72,40,10.29,['scattered clouds'],0.0,0.0
210,Chengde,CN,2020-03-20 23:10:15,40.97,117.94,38.97,59,82,2.71,['light snow'],0.0,0.44
211,Ratnagiri,IN,2020-03-20 23:11:09,16.98,73.3,63.09,69,20,2.71,['few clouds'],0.0,0.0
212,Oneonta,US,2020-03-20 23:10:10,42.45,-75.06,61.0,64,97,5.01,['overcast clouds'],0.0,0.0
213,Longyearbyen,SJ,2020-03-20 23:11:09,78.22,15.64,10.4,72,75,12.75,['shower rain'],0.0,0.0
214,Hambantota,LK,2020-03-20 23:11:09,6.12,81.12,78.03,79,5,9.86,['clear sky'],0.0,0.0
215,Kristiinankaupunki,FI,2020-03-20 23:11:09,62.27,21.38,29.07,65,32,6.78,['light snow'],0.0,0.38
216,Dikson,RU,2020-03-20 23:11:09,73.51,80.55,-16.47,99,92,15.23,['overcast clouds'],0.0,0.0
217,Praya,CV,2020-03-20 23:08:42,14.92,-23.51,71.6,64,20,13.87,['few clouds'],0.0,0.0
218,Santa Lucia,ES,2020-03-20 23:11:10,27.91,-15.54,63.0,82,75,20.8,['broken clouds'],0.0,0.0
219,Sao Filipe,CV,2020-03-20 23:11:10,14.9,-24.5,68.49,80,3,12.97,['clear sky'],0.0,0.0
220,Sarahan,IN,2020-03-20 23:11:10,31.52,77.8,19.71,55,84,13.18,['broken clouds'],0.0,0.0
221,Rehoboth,NA,2020-03-20 23:11:10,-23.32,17.08,70.29,43,72,11.74,['broken clouds'],0.0,0.0
222,Chake Chake,TZ,2020-03-20 23:11:10,-5.25,39.77,84.69,72,1,8.5,['light rain'],0.25,0.0
223,Los Llanos De Aridane,ES,2020-03-20 23:11:10,28.66,-17.92,62.6,67,75,8.05,['broken clouds'],0.0,0.0
224,Gold Coast,AU,2020-03-20 23:11:10,-28.0,153.43,82.0,65,0,5.82,['clear sky'],0.0,0.0
225,Leningradskiy,RU,2020-03-20 23:11:11,69.38,178.42,-2.07,91,100,7.36,['light snow'],0.0,0.19
226,Dongsheng,CN,2020-03-20 23:11:11,39.82,109.98,36.99,58,89,16.42,['overcast clouds'],0.0,0.0
227,Mareeba,AU,2020-03-20 23:11:11,-17.0,145.43,82.0,74,5,10.29,['clear sky'],0.0,0.0
228,Egvekinot,RU,2020-03-20 23:11:11,66.32,-179.17,-3.15,97,100,4.54,['overcast clouds'],0.0,0.0
229,Avera,US,2020-03-20 23:11:11,33.19,-82.53,84.2,45,1,10.29,['clear sky'],0.0,0.0
230,Male,MV,2020-03-20 23:11:12,4.17,73.51,82.4,88,75,2.24,['broken clouds'],0.0,0.0
231,Jiangyou,CN,2020-03-20 23:11:12,31.77,104.72,51.75,56,31,3.49,['scattered clouds'],0.0,0.0
232,Seoul,KR,2020-03-20 23:11:08,37.57,126.98,50.0,66,90,1.12,['overcast clouds'],0.0,0.0
233,Lompoc,US,2020-03-20 23:08:01,34.64,-120.46,60.01,62,90,12.75,['overcast clouds'],0.0,0.0
234,Mecca,SA,2020-03-20 23:09:41,21.43,39.83,65.43,22,0,2.42,['clear sky'],0.0,0.0
235,Tiksi,RU,2020-03-20 23:11:12,71.69,128.87,-13.41,85,43,13.71,['scattered clouds'],0.0,0.0
236,Grindavik,IS,2020-03-20 23:11:12,63.84,-22.43,37.4,100,90,10.29,['overcast clouds'],0.0,0.0
237,Santa Rosa,PH,2020-03-20 23:11:12,14.31,121.11,79.0,74,20,4.7,['few clouds'],0.0,0.0
238,Tokur,RU,2020-03-20 23:11:13,53.13,132.9,15.21,87,94,1.86,['overcast clouds'],0.0,0.0
239,Victor Harbor,AU,2020-03-20 23:11:13,-35.57,138.62,64.0,72,40,4.7,['scattered clouds'],0.0,0.0
240,Kokopo,PG,2020-03-20 23:11:13,-4.35,152.26,83.25,73,74,5.12,['broken clouds'],0.0,0.0
241,Straseni,MD,2020-03-20 23:11:13,47.14,28.61,53.01,62,95,1.12,['overcast clouds'],0.0,0.0
242,Tazovskiy,RU,2020-03-20 23:11:13,67.47,78.7,4.77,95,100,12.01,['light snow'],0.0,1.12
243,Coihaique,CL,2020-03-20 23:07:03,-45.58,-72.07,60.8,72,75,5.82,['broken clouds'],0.0,0.0
244,Lebu,CL,2020-03-20 23:11:13,-37.62,-73.65,52.65,98,8,1.92,['clear sky'],0.0,0.0
245,Severo-Yeniseyskiy,RU,2020-03-20 23:11:13,60.37,93.04,22.23,96,100,4.0,['light snow'],0.0,0.56
246,Hualmay,PE,2020-03-20 23:11:13,-11.1,-77.61,71.73,76,96,3.31,['overcast clouds'],0.0,0.0
247,Yerbogachen,RU,2020-03-20 23:07:13,61.28,108.01,14.67,95,99,7.36,['overcast clouds'],0.0,0.0
248,Maceio,BR,2020-03-20 23:11:14,-9.67,-35.74,78.8,88,100,9.17,['overcast clouds'],0.0,0.0
249,Aurillac,FR,2020-03-20 23:11:14,44.92,2.45,50.0,65,49,5.82,['scattered clouds'],0.0,0.0
250,Vila Do Maio,CV,2020-03-20 23:11:14,15.13,-23.22,71.6,64,20,13.87,['few clouds'],0.0,0.0
251,Goderich,CA,2020-03-20 23:11:14,43.75,-81.72,30.0,86,100,31.0,['overcast clouds'],0.0,0.0
252,Klaksvik,FO,2020-03-20 23:11:14,62.23,-6.59,41.0,80,97,16.11,['overcast clouds'],0.0,0.0
253,Moroto,UG,2020-03-20 23:11:14,2.53,34.67,72.45,69,30,4.14,['scattered clouds'],0.0,0.0
254,Codrington,AU,2020-03-20 23:11:14,-38.27,141.97,57.15,73,88,12.19,['overcast clouds'],0.0,0.0
255,Manga,BF,2020-03-20 23:11:15,11.66,-1.07,89.19,39,100,6.85,['overcast clouds'],0.0,0.0
256,Medina,SA,2020-03-20 23:10:42,24.47,39.61,71.6,19,0,4.7,['clear sky'],0.0,0.0
257,Yar-Sale,RU,2020-03-20 23:11:15,66.83,70.83,-3.69,99,75,6.33,['broken clouds'],0.0,0.0
258,Ishigaki,JP,2020-03-20 23:11:15,24.34,124.16,73.4,94,75,9.17,['broken clouds'],0.0,0.0
259,Togur,RU,2020-03-20 23:11:15,58.36,82.83,30.33,92,100,10.27,['light snow'],0.0,0.44
260,Yamada,JP,2020-03-20 23:11:15,39.47,141.95,49.59,50,0,11.18,['clear sky'],0.0,0.0
261,Kidal,ML,2020-03-20 23:11:15,18.44,1.41,84.15,14,83,14.5,['broken clouds'],0.0,0.0
262,Upata,VE,2020-03-20 23:11:15,8.01,-62.4,76.95,62,81,7.38,['broken clouds'],0.0,0.0
263,Lodeynoye Pole,RU,2020-03-20 23:09:03,60.73,33.55,20.43,80,33,2.86,['scattered clouds'],0.0,0.0
264,Niquero,CU,2020-03-20 23:11:16,20.04,-77.58,73.17,77,9,4.85,['clear sky'],0.0,0.0
265,Pevek,RU,2020-03-20 23:11:16,69.7,170.31,-10.17,89,65,11.34,['broken clouds'],0.0,0.0
266,Kysyl-Syr,RU,2020-03-20 23:11:16,63.9,122.76,19.71,95,100,8.57,['light snow'],0.0,0.69
267,Mogocha,RU,2020-03-20 23:11:16,53.73,119.77,13.95,76,90,1.95,['overcast clouds'],0.0,0.0
268,Tuatapere,NZ,2020-03-20 23:11:16,-46.13,167.68,51.01,90,100,7.0,['light rain'],1.69,0.0
269,Port Hardy,CA,2020-03-20 23:11:16,50.7,-127.42,48.2,76,5,5.82,['clear sky'],0.0,0.0
270,Yinchuan,CN,2020-03-20 23:11:17,38.47,106.27,52.11,27,57,5.03,['broken clouds'],0.0,0.0
271,Lingao,CN,2020-03-20 23:11:17,19.91,109.69,73.71,90,100,7.14,['overcast clouds'],0.0,0.0
272,Saint-Pierre,RE,2020-03-20 23:11:17,-21.34,55.48,71.6,64,39,8.05,['scattered clouds'],0.0,0.0
273,Pacific Grove,US,2020-03-20 23:11:17,36.62,-121.92,63.0,51,1,11.41,['clear sky'],0.0,0.0
274,Uribia,CO,2020-03-20 23:11:17,11.71,-72.27,81.27,57,7,10.98,['clear sky'],0.0,0.0
275,Talnakh,RU,2020-03-20 23:11:17,69.49,88.4,-4.0,76,56,15.66,['broken clouds'],0.0,0.0
276,Nykoping,SE,2020-03-20 23:11:17,58.75,17.01,28.4,86,0,3.36,['clear sky'],0.0,0.0
277,Ryotsu,JP,2020-03-20 23:11:18,38.08,138.43,51.8,76,10,4.7,['clear sky'],0.0,0.0
278,Balingasay,PH,2020-03-20 23:11:18,16.36,119.86,78.93,79,0,16.6,['clear sky'],0.0,0.0
279,Vodnyy,RU,2020-03-20 23:11:18,63.5,53.41,13.23,95,66,3.18,['light snow'],0.0,1.37
280,Mossendjo,CG,2020-03-20 23:11:18,-2.95,12.73,68.67,98,100,0.27,['overcast clouds'],0.0,0.0
281,Batticaloa,LK,2020-03-20 23:11:18,7.71,81.69,69.57,91,87,1.63,['overcast clouds'],0.0,0.0
282,Ahuimanu,US,2020-03-20 23:11:18,21.44,-157.84,80.6,78,75,6.93,['broken clouds'],0.0,0.0
283,Sovetskiy,RU,2020-03-20 23:11:18,61.36,63.58,18.27,73,48,4.34,['scattered clouds'],0.0,0.0
284,Andenes,NO,2020-03-20 23:11:18,69.31,16.12,28.4,63,96,19.46,['light snow'],0.0,0.38
285,Bairiki,KI,2020-03-20 23:11:18,1.33,172.98,86.0,74,20,9.17,['few clouds'],0.0,0.0
286,Dwarka,IN,2020-03-20 23:11:19,22.24,68.97,75.15,84,3,10.42,['clear sky'],0.0,0.0
287,Wageningen,NL,2020-03-20 23:07:51,51.97,5.67,43.0,86,31,4.7,['scattered clouds'],0.0,0.0
288,Axim,GH,2020-03-20 23:11:19,4.87,-2.24,79.29,89,63,3.51,['broken clouds'],0.0,0.0
289,Slave Lake,CA,2020-03-20 23:11:19,55.28,-114.77,23.0,62,1,4.7,['clear sky'],0.0,0.0
290,Chara,RU,2020-03-20 23:11:19,56.91,118.26,4.23,66,89,1.74,['overcast clouds'],0.0,0.0
291,Torbay,CA,2020-03-20 23:11:19,47.67,-52.73,32.0,86,90,32.21,['light snow'],0.0,0.0
292,Cabo San Lucas,MX,2020-03-20 23:11:19,22.89,-109.91,77.0,47,40,12.75,['scattered clouds'],0.0,0.0
293,Teya,RU,2020-03-20 23:11:20,60.38,92.63,22.41,97,100,4.27,['light snow'],0.0,0.5
294,Kaitangata,NZ,2020-03-20 23:11:20,-46.28,169.85,51.01,88,100,1.99,['light rain'],0.75,0.0
295,Vao,NC,2020-03-20 23:11:20,-22.67,167.48,77.13,76,6,17.54,['light rain'],0.5,0.0
296,Puksoozero,RU,2020-03-20 23:11:20,62.59,40.61,16.47,94,46,6.17,['light snow'],0.0,0.19
297,Preobrazheniye,RU,2020-03-20 23:11:20,42.9,133.91,41.49,56,25,7.78,['scattered clouds'],0.0,0.0
298,North Platte,US,2020-03-20 23:08:08,41.12,-100.77,32.0,46,90,3.36,['overcast clouds'],0.0,0.0
299,Huarmey,PE,2020-03-20 23:11:20,-10.07,-78.15,73.17,71,100,4.5,['overcast clouds'],0.0,0.0
300,Lavrentiya,RU,2020-03-20 23:11:21,65.58,-171.0,26.91,82,45,20.45,['scattered clouds'],0.0,0.0
301,Coffs Harbour,AU,2020-03-20 23:10:38,-30.3,153.13,77.0,73,0,16.11,['clear sky'],0.0,0.0
302,Ust-Kuyga,RU,2020-03-20 23:11:21,70.02,135.6,-9.99,77,18,3.44,['few clouds'],0.0,0.0
303,Storforshei,NO,2020-03-20 23:11:21,66.4,14.52,8.37,97,91,3.27,['light snow'],0.0,0.31
304,Alofi,NU,2020-03-20 23:11:21,-19.06,-169.92,84.2,74,75,5.82,['broken clouds'],0.0,0.0
305,Yumen,CN,2020-03-20 23:11:21,40.28,97.2,41.13,62,93,14.05,['overcast clouds'],0.0,0.0
306,Norman Wells,CA,2020-03-20 23:11:21,65.28,-126.83,39.2,60,90,18.34,['overcast clouds'],0.0,0.0
307,Nueve De Julio,AR,2020-03-20 23:11:21,-35.44,-60.88,73.99,48,0,1.99,['clear sky'],0.0,0.0
308,Maryborough,AU,2020-03-20 23:11:22,-25.53,152.7,83.79,53,0,0.78,['clear sky'],0.0,0.0
309,Letlhakane,BW,2020-03-20 23:11:22,-21.42,25.58,71.19,48,33,5.66,['scattered clouds'],0.0,0.0
310,Altay,CN,2020-03-20 23:11:22,47.87,88.12,18.27,36,0,3.69,['clear sky'],0.0,0.0
311,Bordighera,IT,2020-03-20 23:11:22,43.78,7.66,51.8,76,20,8.05,['few clouds'],0.0,0.0
312,Walvis Bay,NA,2020-03-20 23:11:22,-22.96,14.51,59.0,93,1,2.24,['clear sky'],0.0,0.0
313,Vallenar,CL,2020-03-20 23:11:22,-28.57,-70.76,53.19,95,0,3.65,['clear sky'],0.0,0.0
314,Haapiti,PF,2020-03-20 23:11:22,-17.57,-149.87,87.8,70,75,8.05,['broken clouds'],0.0,0.0
315,Falun,SE,2020-03-20 23:10:02,60.6,15.63,30.0,63,10,6.93,['clear sky'],0.0,0.0
316,Ucluelet,CA,2020-03-20 23:10:28,48.93,-125.55,63.0,71,20,10.29,['few clouds'],0.0,0.0
317,Corrales,US,2020-03-20 23:10:52,35.24,-106.61,59.0,28,75,20.8,['shower rain'],0.0,0.0
318,Namatanai,PG,2020-03-20 23:11:23,-3.67,152.43,84.15,70,75,7.27,['broken clouds'],0.0,0.0
319,Vyazma,RU,2020-03-20 23:11:23,55.21,34.3,32.13,88,80,3.87,['broken clouds'],0.0,0.0
320,Sangar,RU,2020-03-20 23:11:23,63.92,127.47,8.55,93,100,11.74,['light snow'],0.0,0.63
321,Kaabong,UG,2020-03-20 23:11:23,3.48,34.15,69.21,75,37,11.95,['scattered clouds'],0.0,0.0
322,Labuan,MY,2020-03-20 23:11:23,5.28,115.24,78.8,94,75,1.12,['broken clouds'],0.0,0.0
323,Bowen,AU,2020-03-20 23:10:36,-20.02,148.23,82.99,83,2,10.29,['clear sky'],0.0,0.0
324,Naduvattam,IN,2020-03-20 23:11:23,11.48,76.57,63.63,78,95,1.99,['overcast clouds'],0.0,0.0
325,Takoradi,GH,2020-03-20 23:08:03,4.88,-1.76,79.29,89,63,3.51,['broken clouds'],0.0,0.0
326,Shimoda,JP,2020-03-20 23:11:24,34.67,138.95,53.01,59,0,25.17,['clear sky'],0.0,0.0
327,Kathu,TH,2020-03-20 23:11:24,7.92,98.33,75.2,88,20,2.24,['few clouds'],0.0,0.0
328,Constitucion,CL,2020-03-20 23:11:24,-35.33,-72.42,54.09,92,0,5.95,['clear sky'],0.0,0.0
329,Kaeo,NZ,2020-03-20 23:11:24,-35.1,173.78,70.0,73,99,1.99,['overcast clouds'],0.0,0.0
330,Whitehorse,CA,2020-03-20 23:08:42,60.72,-135.05,37.4,51,75,14.99,['broken clouds'],0.0,0.0
331,Nouadhibou,MR,2020-03-20 23:11:24,20.93,-17.03,66.2,72,29,20.8,['scattered clouds'],0.0,0.0
332,Sucua,EC,2020-03-20 23:11:25,-2.47,-78.17,75.2,73,75,10.29,['broken clouds'],0.0,0.0
333,Emerald,AU,2020-03-20 23:06:25,-23.53,148.17,77.0,73,0,5.82,['clear sky'],0.0,0.0
334,Taltal,CL,2020-03-20 23:11:25,-25.4,-70.48,59.13,87,0,1.97,['clear sky'],0.0,0.0
335,Victoria,HK,2020-03-20 23:09:58,22.29,114.16,73.0,94,40,13.87,['scattered clouds'],0.0,0.0
336,Djambala,CG,2020-03-20 23:11:25,-2.54,14.75,67.23,95,100,2.8,['overcast clouds'],0.0,0.0
337,Bathsheba,BB,2020-03-20 23:11:25,13.22,-59.52,78.8,74,40,16.11,['scattered clouds'],0.0,0.0
338,Kloulklubed,PW,2020-03-20 23:11:25,7.04,134.26,80.6,83,75,8.05,['broken clouds'],0.0,0.0
339,Kavieng,PG,2020-03-20 23:11:26,-2.57,150.8,84.33,70,97,6.51,['overcast clouds'],0.0,0.0
340,Deputatskiy,RU,2020-03-20 23:11:26,69.3,139.9,-8.91,85,0,3.04,['clear sky'],0.0,0.0
341,Pereslavl-Zalesskiy,RU,2020-03-20 23:11:26,56.74,38.86,26.91,84,35,8.99,['scattered clouds'],0.0,0.0
342,Dalbandin,PK,2020-03-20 23:11:26,28.89,64.41,67.95,32,9,6.53,['clear sky'],0.0,0.0
343,Pisco,PE,2020-03-20 23:11:26,-13.7,-76.22,73.99,30,40,8.05,['scattered clouds'],0.0,0.0
344,Gat,IL,2020-03-20 23:11:26,31.61,34.76,50.0,87,75,3.36,['light rain'],0.0,0.0
345,Mahebourg,MU,2020-03-20 23:11:26,-20.41,57.7,73.0,88,20,3.36,['few clouds'],0.0,0.0
346,Bend,US,2020-03-20 23:08:18,44.06,-121.32,61.0,22,1,6.93,['clear sky'],0.0,0.0
347,Balakhonovskoye,RU,2020-03-20 23:11:27,44.78,41.78,42.8,70,40,11.18,['scattered clouds'],0.0,0.0
348,Pozo Colorado,PY,2020-03-20 23:11:27,-23.49,-58.8,71.73,39,0,4.56,['clear sky'],0.0,0.0
349,Reshetylivka,UA,2020-03-20 23:11:27,49.56,34.08,41.13,59,82,0.89,['broken clouds'],0.0,0.0
350,Tumbi,TZ,2020-03-20 23:11:27,-5.07,32.73,64.17,97,0,3.69,['clear sky'],0.0,0.0
351,Weihai,CN,2020-03-20 23:11:27,37.5,122.11,47.79,61,17,11.03,['few clouds'],0.0,0.0
352,Laredo,US,2020-03-20 23:11:27,27.51,-99.51,66.2,88,90,17.22,['overcast clouds'],0.0,0.0
353,Tarko-Sale,RU,2020-03-20 23:11:28,64.92,77.78,21.99,88,92,10.78,['light snow'],0.0,0.56
354,Nadvoitsy,RU,2020-03-20 23:11:28,63.87,34.32,12.69,94,44,5.08,['scattered clouds'],0.0,0.0
355,Nakasongola,UG,2020-03-20 23:11:28,1.31,32.46,69.21,90,86,5.17,['light rain'],2.69,0.0
356,Belyy Yar,RU,2020-03-20 23:11:28,53.6,91.39,35.6,51,100,11.18,['overcast clouds'],0.0,0.0
357,Laplace,US,2020-03-20 23:09:22,30.07,-90.48,82.99,74,75,9.17,['broken clouds'],0.0,0.0
358,Amontada,BR,2020-03-20 23:11:28,-3.36,-39.83,74.43,95,100,1.32,['overcast clouds'],0.0,0.0
359,Zonguldak,TR,2020-03-20 23:11:29,41.25,31.83,28.35,92,61,3.58,['broken clouds'],0.0,0.0
360,Radom,PL,2020-03-20 23:11:29,51.4,21.15,45.0,81,100,1.99,['overcast clouds'],0.0,0.0
361,North Bend,US,2020-03-20 23:11:29,43.41,-124.22,60.01,66,1,13.87,['clear sky'],0.0,0.0
362,Caravelas,BR,2020-03-20 23:11:29,-17.71,-39.25,82.17,85,23,21.34,['few clouds'],0.0,0.0
363,Rio Verde De Mato Grosso,BR,2020-03-20 23:11:29,-18.92,-54.84,73.89,95,100,2.44,['overcast clouds'],0.0,0.0
364,Magistralnyy,RU,2020-03-20 23:11:29,56.17,107.45,20.97,89,100,7.78,['light snow'],0.0,0.38
365,Haines Junction,CA,2020-03-20 23:11:29,60.75,-137.51,27.99,83,95,3.22,['light snow'],0.0,0.31
366,Samarai,PG,2020-03-20 23:11:29,-10.62,150.67,85.23,66,15,4.83,['few clouds'],0.0,0.0
367,Nara,JP,2020-03-20 23:11:29,34.69,135.8,51.8,71,0,5.82,['clear sky'],0.0,0.0
368,Tomatlan,MX,2020-03-20 23:11:30,19.93,-105.25,87.21,35,0,6.4,['clear sky'],0.0,0.0
369,Saint Anthony,US,2020-03-20 23:11:30,45.02,-93.22,34.0,43,1,11.41,['clear sky'],0.0,0.0
370,New Smyrna Beach,US,2020-03-20 23:11:30,29.03,-80.93,86.0,65,1,17.22,['clear sky'],0.0,0.0
371,Ust-Tsilma,RU,2020-03-20 23:11:30,65.44,52.15,11.97,90,66,9.62,['broken clouds'],0.0,0.0
372,Faanui,PF,2020-03-20 23:11:30,-16.48,-151.75,83.61,71,64,7.96,['broken clouds'],0.0,0.0
373,Umm Lajj,SA,2020-03-20 23:11:31,25.02,37.27,62.01,41,0,5.21,['clear sky'],0.0,0.0
374,Clyde River,CA,2020-03-20 23:11:31,70.47,-68.59,-5.8,63,20,10.29,['few clouds'],0.0,0.0
375,Palasa,IN,2020-03-20 23:11:31,18.77,84.42,73.71,53,4,1.63,['clear sky'],0.0,0.0
376,Elko,US,2020-03-20 23:11:31,41.0,-115.5,46.99,45,20,4.7,['few clouds'],0.0,0.0
377,Oranjemund,NA,2020-03-20 23:11:31,-28.55,16.43,61.47,91,3,6.33,['clear sky'],0.0,0.0
378,Sur,OM,2020-03-20 23:11:31,22.57,59.53,77.13,61,100,6.15,['overcast clouds'],0.0,0.0
379,Fort Nelson,CA,2020-03-20 23:11:32,58.81,-122.7,46.4,26,20,3.36,['few clouds'],0.0,0.0
380,Khandyga,RU,2020-03-20 23:11:32,62.67,135.6,6.21,93,34,1.14,['scattered clouds'],0.0,0.0
381,Kolobrzeg,PL,2020-03-20 23:09:18,54.18,15.58,39.99,71,50,9.91,['scattered clouds'],0.0,0.0
382,Vila Velha,BR,2020-03-20 23:09:42,-20.33,-40.29,82.4,83,92,4.7,['moderate rain'],4.38,0.0
383,Vanavara,RU,2020-03-20 23:11:32,60.34,102.28,18.09,97,95,4.23,['light snow'],0.0,0.31
384,Malanje,AO,2020-03-20 23:11:32,-9.54,16.34,60.57,90,83,3.91,['broken clouds'],0.0,0.0
385,Oistins,BB,2020-03-20 23:09:21,13.07,-59.53,78.8,74,40,16.11,['scattered clouds'],0.0,0.0
386,Esperance,AU,2020-03-20 23:11:33,-33.87,121.9,60.8,93,90,5.82,['overcast clouds'],0.0,0.0
387,Gimli,CA,2020-03-20 23:11:33,50.63,-96.99,16.0,62,73,5.99,['broken clouds'],0.0,0.0
388,Lamesa,US,2020-03-20 23:11:33,32.74,-101.95,53.6,50,90,10.29,['overcast clouds'],0.0,0.0
389,Havelock,US,2020-03-20 23:11:33,34.88,-76.9,78.01,56,40,18.34,['scattered clouds'],0.0,0.0
390,Abu Samrah,SY,2020-03-20 23:11:33,35.3,37.18,43.83,82,100,3.24,['overcast clouds'],0.0,0.0
391,Mahibadhoo,MV,2020-03-20 23:11:34,3.78,72.97,83.25,75,95,7.02,['overcast clouds'],0.0,0.0
392,Amuntai,ID,2020-03-20 23:11:34,-2.42,115.25,75.87,94,100,0.67,['light rain'],1.25,0.0
393,Svetlyy,RU,2020-03-20 23:11:34,54.67,20.13,39.2,80,75,15.66,['broken clouds'],0.0,0.0
394,Port Pirie,AU,2020-03-20 23:11:34,-33.18,138.02,62.6,82,92,10.29,['overcast clouds'],0.0,0.0
395,Coronel,CL,2020-03-20 23:11:34,-37.02,-73.13,55.4,87,90,11.41,['overcast clouds'],0.0,0.0
396,Nurota,UZ,2020-03-20 23:11:34,40.56,65.69,51.8,87,75,11.41,['broken clouds'],0.0,0.0
397,Porto Novo,BJ,2020-03-20 23:10:03,6.5,2.6,82.4,88,20,6.93,['few clouds'],0.0,0.0
398,Naron,ES,2020-03-20 23:11:35,43.52,-8.15,55.0,100,75,1.12,['broken clouds'],0.0,0.0
399,Mount Isa,AU,2020-03-20 23:11:35,-20.73,139.5,78.8,39,0,4.7,['clear sky'],0.0,0.0
400,Aljezur,PT,2020-03-20 23:11:35,37.32,-8.8,52.0,92,19,18.99,['light rain'],0.94,0.0
401,Muscat,OM,2020-03-20 23:11:35,23.61,58.59,80.6,57,40,1.12,['scattered clouds'],0.0,0.0
402,Broken Hill,AU,2020-03-20 23:11:35,-31.95,141.43,60.8,67,41,10.29,['scattered clouds'],0.0,0.0
403,Batemans Bay,AU,2020-03-20 23:11:35,-35.72,150.18,69.01,57,92,1.99,['light rain'],0.19,0.0
404,Camacha,PT,2020-03-20 23:11:36,33.08,-16.33,59.0,51,75,18.34,['broken clouds'],0.0,0.0
405,Ixtapa,MX,2020-03-20 23:11:36,20.7,-105.2,80.6,65,5,13.87,['clear sky'],0.0,0.0
406,Shenjiamen,CN,2020-03-20 23:11:36,29.96,122.3,56.43,87,0,17.52,['clear sky'],0.0,0.0
407,Yatou,CN,2020-03-20 23:11:36,37.15,122.38,48.51,59,26,10.04,['scattered clouds'],0.0,0.0
408,Lincoln,US,2020-03-20 23:08:03,40.8,-96.67,32.0,50,1,17.22,['clear sky'],0.0,0.0
409,Coquimbo,CL,2020-03-20 23:11:36,-29.95,-71.34,60.8,82,90,9.17,['overcast clouds'],0.0,0.0
410,Paita,PE,2020-03-20 23:11:36,-5.09,-81.11,78.03,73,14,13.09,['few clouds'],0.0,0.0
411,Mehamn,NO,2020-03-20 23:11:37,71.04,27.85,24.8,53,40,23.04,['scattered clouds'],0.0,0.0
412,San Patricio,MX,2020-03-20 23:11:37,19.22,-104.7,82.4,78,5,13.87,['clear sky'],0.0,0.0
413,Taoudenni,ML,2020-03-20 23:11:37,22.68,-3.98,68.49,25,0,6.62,['clear sky'],0.0,0.0
414,Kandrian,PG,2020-03-20 23:11:37,-6.22,149.55,87.39,61,77,3.31,['broken clouds'],0.0,0.0
415,Maniitsoq,GL,2020-03-20 23:11:37,65.42,-52.9,14.49,92,100,9.93,['light snow'],0.0,1.0
416,Marsh Harbour,BS,2020-03-20 23:11:37,26.54,-77.06,73.35,78,0,14.27,['clear sky'],0.0,0.0
417,Quthing,LS,2020-03-20 23:11:38,-30.4,27.7,54.09,44,0,1.63,['clear sky'],0.0,0.0
418,Muros,ES,2020-03-20 23:11:38,42.78,-9.06,54.0,100,40,4.7,['mist'],0.0,0.0
419,Gumla,IN,2020-03-20 23:11:38,23.05,84.55,67.59,37,97,1.79,['overcast clouds'],0.0,0.0
420,Lasa,IT,2020-03-20 23:11:38,46.62,10.7,59.0,92,100,2.24,['overcast clouds'],0.0,0.0
421,Lakeside,US,2020-03-20 23:10:32,30.13,-81.77,87.01,57,40,12.75,['scattered clouds'],0.0,0.0
422,Pemangkat,ID,2020-03-20 23:11:38,1.17,108.97,75.51,91,100,3.69,['overcast clouds'],0.0,0.0
423,Ekibastuz,KZ,2020-03-20 23:11:38,51.67,75.37,27.81,67,26,13.29,['scattered clouds'],0.0,0.0
424,Aasiaat,GL,2020-03-20 23:11:38,68.71,-52.87,10.89,88,100,11.95,['overcast clouds'],0.0,0.0
425,Weifang,CN,2020-03-20 23:11:39,36.71,119.1,60.21,68,49,6.78,['scattered clouds'],0.0,0.0
426,Coahuayana,MX,2020-03-20 23:11:39,18.73,-103.68,86.0,55,20,11.41,['few clouds'],0.0,0.0
427,Lata,PT,2020-03-20 23:11:39,40.16,-8.33,53.01,93,40,2.24,['scattered clouds'],0.0,0.0
428,Vardo,NO,2020-03-20 23:11:39,70.37,31.11,12.2,85,20,16.11,['few clouds'],0.0,0.0
429,Wanning,CN,2020-03-20 23:11:39,18.8,110.4,76.05,87,100,8.95,['overcast clouds'],0.0,0.0
430,Sussex,US,2020-03-20 23:11:39,41.18,-74.67,78.8,53,40,10.29,['light rain'],0.0,0.0
431,Hailey,US,2020-03-20 23:11:39,43.52,-114.32,48.2,49,90,8.05,['overcast clouds'],0.0,0.0
432,Ust-Karsk,RU,2020-03-20 23:11:40,52.7,118.81,16.11,84,98,3.29,['overcast clouds'],0.0,0.0
433,Petropavlovsk-Kamchatskiy,RU,2020-03-20 23:11:40,53.05,158.65,37.4,100,90,8.95,['shower sleet'],0.0,0.0
434,Kalinovskaya,RU,2020-03-20 23:11:40,43.58,45.52,44.6,87,90,6.71,['light intensity shower rain'],0.0,0.0
435,Taitung,TW,2020-03-20 23:11:41,22.76,121.14,66.2,93,75,4.7,['broken clouds'],0.0,0.0
436,Longyan,CN,2020-03-20 23:11:41,25.11,117.02,69.01,99,63,1.68,['broken clouds'],0.0,0.0
437,Jalapa,MX,2020-03-20 23:11:41,19.53,-96.92,65.43,85,71,4.16,['light rain'],0.56,0.0
438,Gubkinskiy,RU,2020-03-20 23:11:41,64.43,76.5,7.83,94,91,13.6,['overcast clouds'],0.0,0.0
439,Empalme,MX,2020-03-20 23:11:41,27.97,-110.82,79.0,40,70,4.0,['broken clouds'],0.0,0.0
440,Skelleftea,SE,2020-03-20 23:11:41,64.75,20.95,28.4,58,27,13.87,['scattered clouds'],0.0,0.0
441,San Rafael,AR,2020-03-20 23:11:41,-34.62,-68.33,77.67,26,21,15.57,['few clouds'],0.0,0.0
442,Mackenzie,CA,2020-03-20 23:11:42,55.3,-123.17,42.8,30,1,9.17,['clear sky'],0.0,0.0
443,Severo-Kurilsk,RU,2020-03-20 23:11:42,50.68,156.12,31.23,99,99,21.07,['light snow'],0.0,1.44
444,Fortuna,US,2020-03-20 23:11:42,40.6,-124.16,60.01,51,1,11.41,['clear sky'],0.0,0.0
445,Lure,FR,2020-03-20 23:11:42,47.75,6.5,52.0,81,33,1.12,['scattered clouds'],0.0,0.0
446,Kavaratti,IN,2020-03-20 23:11:42,10.57,72.64,83.61,67,60,9.13,['broken clouds'],0.0,0.0
447,Mount Gambier,AU,2020-03-20 23:11:42,-37.83,140.77,57.2,76,90,4.7,['overcast clouds'],0.0,0.0
448,Salalah,OM,2020-03-20 23:11:42,17.02,54.09,78.8,83,75,6.93,['broken clouds'],0.0,0.0
449,Khasan,RU,2020-03-20 23:11:43,42.43,130.64,43.11,56,5,12.21,['clear sky'],0.0,0.0
450,Ulladulla,AU,2020-03-20 23:11:43,-35.35,150.47,66.0,88,90,8.05,['overcast clouds'],0.0,0.0
451,Nichinan,JP,2020-03-20 23:11:44,31.6,131.37,53.6,54,0,14.99,['clear sky'],0.0,0.0
452,Srednekolymsk,RU,2020-03-20 23:11:44,67.45,153.68,-0.27,79,19,11.25,['few clouds'],0.0,0.0
453,College,US,2020-03-20 23:11:44,64.86,-147.8,39.2,64,75,20.8,['broken clouds'],0.0,0.0
454,Liverpool,GB,2020-03-20 23:11:44,53.41,-2.98,41.0,80,0,13.87,['clear sky'],0.0,0.0
455,Rafai,CF,2020-03-20 23:11:44,4.95,23.92,71.01,89,100,1.74,['overcast clouds'],0.0,0.0
456,Lumphat,KH,2020-03-20 23:11:44,13.49,106.98,71.91,84,9,4.27,['clear sky'],0.0,0.0
457,Osorno,CL,2020-03-20 23:11:45,-40.57,-73.15,60.75,81,82,2.08,['broken clouds'],0.0,0.0
458,Tsabong,BW,2020-03-20 23:11:45,-26.02,22.4,78.39,27,3,7.29,['clear sky'],0.0,0.0
459,Alghero,IT,2020-03-20 23:11:45,40.56,8.32,53.6,81,2,3.36,['clear sky'],0.0,0.0
460,Hovd,MN,2020-03-20 23:11:45,48.01,91.64,22.95,54,0,0.98,['clear sky'],0.0,0.0
461,Ellensburg,US,2020-03-20 23:10:21,47.0,-120.55,66.2,20,1,18.34,['clear sky'],0.0,0.0
462,Hirara,JP,2020-03-20 23:11:45,24.8,125.28,69.8,94,40,5.82,['scattered clouds'],0.0,0.0
463,Abilene,US,2020-03-20 23:09:13,32.45,-99.73,48.2,65,90,16.11,['overcast clouds'],0.0,0.0
464,Beloha,MG,2020-03-20 23:07:06,-25.17,45.05,69.75,86,57,9.26,['broken clouds'],0.0,0.0
465,Guerrero Negro,MX,2020-03-20 23:11:46,27.98,-114.06,63.27,53,94,11.7,['overcast clouds'],0.0,0.0
466,Nakonde,ZM,2020-03-20 23:11:46,-9.34,32.74,61.65,95,34,1.32,['scattered clouds'],0.0,0.0
467,Garden City,US,2020-03-20 23:11:46,42.33,-83.33,41.0,59,75,12.75,['broken clouds'],0.0,0.0
468,Onguday,RU,2020-03-20 23:11:46,50.75,86.15,17.91,34,4,7.05,['clear sky'],0.0,0.0
469,Kabinda,CD,2020-03-20 23:11:46,-6.13,24.48,68.85,92,99,3.0,['light rain'],0.13,0.0
470,Le Port,RE,2020-03-20 23:11:46,-20.94,55.29,71.6,77,19,6.93,['few clouds'],0.0,0.0
471,Kirakira,SB,2020-03-20 23:11:47,-10.45,161.92,85.59,66,52,5.26,['light rain'],1.44,0.0
472,La Cruz,MX,2020-03-20 23:11:47,23.92,-106.9,80.01,61,23,8.01,['few clouds'],0.0,0.0
473,Laguna,US,2020-03-20 23:07:25,38.42,-121.42,66.99,59,75,10.29,['broken clouds'],0.0,0.0
474,Namibe,AO,2020-03-20 23:11:47,-15.2,12.15,73.53,78,46,10.38,['scattered clouds'],0.0,0.0
475,Rapid Valley,US,2020-03-20 23:11:47,44.06,-103.15,34.0,73,75,3.36,['broken clouds'],0.0,0.0
476,Abja-Paluoja,EE,2020-03-20 23:11:47,58.13,25.35,28.99,78,40,1.01,['scattered clouds'],0.0,0.0
477,Paamiut,GL,2020-03-20 23:11:48,61.99,-49.67,10.53,67,84,11.7,['broken clouds'],0.0,0.0
478,Beyneu,KZ,2020-03-20 23:11:48,45.32,55.2,42.93,82,100,20.76,['overcast clouds'],0.0,0.0
479,Tommot,RU,2020-03-20 23:11:48,58.96,126.29,10.71,92,96,1.95,['overcast clouds'],0.0,0.0
480,Labuhan,ID,2020-03-20 23:11:48,-6.88,112.21,77.67,86,99,2.15,['light rain'],0.5,0.0
481,Kindu,CD,2020-03-20 23:11:48,-2.95,25.95,72.45,86,100,1.92,['overcast clouds'],0.0,0.0
482,Vila,PT,2020-03-20 23:11:48,42.03,-8.16,57.0,100,75,4.7,"['light intensity drizzle', 'mist']",0.0,0.0
483,Luanda,AO,2020-03-20 23:11:48,-8.84,13.23,78.8,83,74,2.24,['broken clouds'],0.0,0.0
484,Songjianghe,CN,2020-03-20 23:11:48,42.19,127.48,31.77,69,0,5.39,['clear sky'],0.0,0.0
485,Can Tho,VN,2020-03-20 23:11:49,10.03,105.78,73.4,100,20,3.67,['few clouds'],0.0,0.0
486,Bonthe,SL,2020-03-20 23:11:24,7.53,-12.51,78.75,82,48,6.11,['scattered clouds'],0.0,0.0
487,Itarema,BR,2020-03-20 23:11:49,-2.92,-39.92,75.87,88,100,1.36,['overcast clouds'],0.0,0.0
488,Kieta,PG,2020-03-20 23:11:49,-6.22,155.63,84.15,69,68,2.13,['broken clouds'],0.0,0.0
489,Oussouye,SN,2020-03-20 23:11:49,12.48,-16.55,73.4,88,76,6.93,['broken clouds'],0.0,0.0
490,Yulara,AU,2020-03-20 23:11:49,-25.24,130.99,75.2,29,0,6.93,['clear sky'],0.0,0.0
491,Gobabis,NA,2020-03-20 23:11:50,-22.45,18.97,68.0,77,82,1.12,['broken clouds'],0.0,0.0
492,Ormara,PK,2020-03-20 23:11:50,25.21,64.64,74.43,84,16,7.72,['few clouds'],0.0,0.0
493,Correntina,BR,2020-03-20 23:11:50,-13.34,-44.64,70.65,94,99,4.12,['light rain'],1.75,0.0
494,Kaputa,ZM,2020-03-20 23:11:50,-8.47,29.66,63.63,93,96,1.5,['overcast clouds'],0.0,0.0
495,Abha,SA,2020-03-20 23:11:50,18.22,42.51,60.8,93,40,5.82,['scattered clouds'],0.0,0.0
496,Omsukchan,RU,2020-03-20 23:11:50,62.53,155.8,3.69,64,0,3.89,['clear sky'],0.0,0.0
497,Nova Olinda Do Norte,BR,2020-03-20 23:11:50,-3.89,-59.09,76.05,91,80,2.19,['broken clouds'],0.0,0.0
498,Kawalu,ID,2020-03-20 23:11:50,-7.38,108.21,72.99,88,88,2.15,['overcast clouds'],0.0,0.0
499,Moree,AU,2020-03-20 23:11:51,-29.47,149.85,73.4,49,11,9.17,['few clouds'],0.0,0.0
500,South Sioux City,US,2020-03-20 23:11:51,42.47,-96.41,26.6,53,1,8.05,['clear sky'],0.0,0.0
501,Wattegama,LK,2020-03-20 23:11:51,6.8,81.48,69.03,90,98,1.97,['overcast clouds'],0.0,0.0
502,Quatre Cocos,MU,2020-03-20 23:11:51,-20.21,57.76,73.0,88,20,3.36,['few clouds'],0.0,0.0
503,Les Cayes,HT,2020-03-20 23:11:51,18.2,-73.75,79.65,71,0,7.2,['light rain'],0.75,0.0
504,Iguatemi,BR,2020-03-20 23:11:51,-23.68,-54.56,67.95,56,0,3.91,['clear sky'],0.0,0.0
505,Soanierana Ivongo,MG,2020-03-20 23:11:51,-16.92,49.58,72.81,94,51,2.35,['light rain'],1.75,0.0
506,Sao Mateus Do Sul,BR,2020-03-20 23:11:51,-25.87,-50.38,61.83,70,0,2.95,['clear sky'],0.0,0.0
507,Isangel,VU,2020-03-20 23:11:52,-19.55,169.27,78.03,80,93,17.85,['overcast clouds'],0.0,0.0
508,Kiama,AU,2020-03-20 23:11:52,-34.68,150.87,70.0,88,90,8.05,['overcast clouds'],0.0,0.0
509,Bandarbeyla,SO,2020-03-20 23:11:52,9.49,50.81,81.27,84,0,7.18,['clear sky'],0.0,0.0
510,Clinton,US,2020-03-20 23:11:52,42.59,-82.92,41.0,69,90,14.99,['overcast clouds'],0.0,0.0
511,Sechura,PE,2020-03-20 23:08:31,-5.56,-80.82,74.97,88,0,10.4,['clear sky'],0.0,0.0
512,La Asuncion,VE,2020-03-20 23:11:52,11.03,-63.86,84.2,58,0,17.22,['clear sky'],0.0,0.0
513,Voskresenskoye,RU,2020-03-20 23:11:52,56.84,45.43,29.25,94,65,7.56,['broken clouds'],0.0,0.0
514,Tezu,IN,2020-03-20 23:11:53,27.92,96.17,60.39,61,74,3.6,['broken clouds'],0.0,0.0
515,Muyezerskiy,RU,2020-03-20 23:11:53,63.93,31.65,14.31,93,67,4.56,['broken clouds'],0.0,0.0
516,Sennoy,RU,2020-03-20 23:11:53,52.15,46.96,32.85,80,0,3.78,['clear sky'],0.0,0.0
517,Kasongo-Lunda,CD,2020-03-20 23:11:53,-6.47,16.82,67.41,98,100,0.38,['overcast clouds'],0.0,0.0
518,Binzhou,CN,2020-03-20 23:11:54,37.37,118.02,60.01,56,35,7.76,['scattered clouds'],0.0,0.0
519,Igarka,RU,2020-03-20 23:11:54,67.47,86.58,-12.87,81,25,8.19,['scattered clouds'],0.0,0.0
520,Saint-Louis,SN,2020-03-20 23:11:54,16.33,-15.0,84.2,26,0,2.24,['clear sky'],0.0,0.0
521,Dunedin,NZ,2020-03-20 23:11:54,-45.87,170.5,52.0,88,100,1.99,['moderate rain'],0.0,0.0
522,Milyutinskaya,RU,2020-03-20 23:11:54,48.63,41.67,37.89,69,0,5.55,['clear sky'],0.0,0.0
523,Mogadishu,SO,2020-03-20 23:11:54,2.04,45.34,82.53,79,23,13.62,['few clouds'],0.0,0.0
524,Phan Thiet,VN,2020-03-20 23:11:54,10.93,108.1,73.71,80,40,3.47,['scattered clouds'],0.0,0.0
525,Adwa,ET,2020-03-20 23:11:54,14.16,38.9,57.87,39,0,3.29,['clear sky'],0.0,0.0
526,Pamplona,ES,2020-03-20 23:11:55,42.82,-1.64,61.0,71,20,1.12,['few clouds'],0.0,0.0
527,Mayahi,NE,2020-03-20 23:11:55,13.96,7.67,80.91,12,87,7.34,['overcast clouds'],0.0,0.0
528,Sadat,IN,2020-03-20 23:11:55,25.68,83.28,70.11,36,87,4.41,['overcast clouds'],0.0,0.0
529,Noumea,NC,2020-03-20 23:11:55,-22.28,166.46,82.4,58,31,3.36,['scattered clouds'],0.0,0.0
530,Nguruka,TZ,2020-03-20 23:11:55,-5.11,31.04,64.71,96,15,3.04,['few clouds'],0.0,0.0
531,Banamba,ML,2020-03-20 23:11:55,13.55,-7.45,81.45,15,87,9.28,['overcast clouds'],0.0,0.0
532,Sharan,RU,2020-03-20 23:11:56,54.82,54.0,28.17,90,97,7.36,['overcast clouds'],0.0,0.0
533,Quito,EC,2020-03-20 23:10:02,-0.23,-78.52,64.4,63,75,16.11,['broken clouds'],0.0,0.0
534,Apeldoorn,NL,2020-03-20 23:08:58,52.21,5.97,42.01,86,90,11.41,['overcast clouds'],0.0,0.0
535,Tougue,GN,2020-03-20 23:11:56,11.47,-11.6,76.05,22,61,2.13,['broken clouds'],0.0,0.0
536,Susehri,TR,2020-03-20 23:11:56,40.16,38.09,18.99,98,86,8.95,['overcast clouds'],0.0,0.0
537,Alamos,MX,2020-03-20 23:10:20,27.02,-108.93,78.01,48,17,7.0,['few clouds'],0.0,0.0
538,Calbuco,CL,2020-03-20 23:11:56,-41.77,-73.13,64.4,77,75,6.93,['broken clouds'],0.0,0.0
539,Jesus Carranza,MX,2020-03-20 23:11:56,17.43,-95.03,84.87,73,0,7.07,['clear sky'],0.0,0.0
540,Lethem,GY,2020-03-20 23:11:57,3.38,-59.8,86.13,50,78,14.52,['light rain'],0.75,0.0
541,Inhambane,MZ,2020-03-20 23:11:57,-23.86,35.38,75.15,70,0,9.73,['clear sky'],0.0,0.0
542,Launceston,AU,2020-03-20 23:07:56,-41.45,147.17,62.01,76,42,5.82,['scattered clouds'],0.0,0.0
543,Sorong,ID,2020-03-20 23:11:57,-0.88,131.25,80.19,86,100,0.72,['light rain'],0.56,0.0
544,Ejura,GH,2020-03-20 23:11:57,7.39,-1.36,81.45,72,94,8.5,['overcast clouds'],0.0,0.0
545,Warmbad,NA,2020-03-20 23:11:57,-28.45,18.73,66.33,47,61,6.38,['broken clouds'],0.0,0.0
546,Galveston,US,2020-03-20 23:10:54,29.37,-94.97,72.0,83,90,13.87,['light rain'],0.0,0.0
547,Celestun,MX,2020-03-20 23:11:57,20.87,-90.4,80.19,76,0,28.34,['clear sky'],0.0,0.0
548,Zlonice,CZ,2020-03-20 23:11:57,50.29,14.09,43.0,86,90,11.41,['light rain'],0.0,0.0
549,Sindor,RU,2020-03-20 23:11:58,62.86,51.89,14.49,94,85,7.18,['overcast clouds'],0.0,0.0
550,Kinshasa,CD,2020-03-20 23:08:50,-4.32,15.32,73.4,94,20,3.36,['few clouds'],0.0,0.0
551,Pringsewu,ID,2020-03-20 23:11:58,-5.36,104.97,72.63,94,100,0.72,['overcast clouds'],0.0,0.0
552,Singaraja,ID,2020-03-20 23:07:03,-8.11,115.09,82.71,71,95,3.29,['overcast clouds'],0.0,0.0
553,Poltavka,RU,2020-03-20 23:11:58,54.37,71.76,32.67,98,100,10.47,['light snow'],0.0,1.25
554,Poum,NC,2020-03-20 23:11:58,-20.23,164.02,79.47,76,89,20.54,['light rain'],0.13,0.0
555,Varhaug,NO,2020-03-20 23:11:58,58.61,5.65,37.0,93,0,10.11,['clear sky'],0.0,0.0
556,Alvares Machado,BR,2020-03-20 23:11:58,-22.08,-51.47,72.81,91,69,5.26,['light rain'],1.69,0.0
557,Bonavista,CA,2020-03-20 23:11:59,48.65,-53.11,32.0,88,100,5.99,['snow'],0.0,2.94
